image,actual_folder,predicted_class,confidence
Te-glTr_0000.jpg,glioma,glioma,0.81909263
Te-glTr_0001.jpg,glioma,glioma,0.80420625
Te-glTr_0002.jpg,glioma,glioma,0.99446964
Te-glTr_0003.jpg,glioma,meningioma,0.9425788
Te-glTr_0004.jpg,glioma,glioma,0.9954399
Te-glTr_0005.jpg,glioma,meningioma,0.9791149
Te-glTr_0006.jpg,glioma,glioma,0.9866742
Te-glTr_0007.jpg,glioma,glioma,0.99997294
Te-glTr_0008.jpg,glioma,meningioma,0.5839822
Te-glTr_0009.jpg,glioma,glioma,0.91912764
Te-gl_0010.jpg,glioma,meningioma,0.8063603
Te-gl_0011.jpg,glioma,glioma,0.81942517
Te-gl_0012.jpg,glioma,glioma,0.9999691
Te-gl_0013.jpg,glioma,glioma,0.95748454
Te-gl_0014.jpg,glioma,glioma,0.8999452
Te-gl_0015.jpg,glioma,glioma,0.9755999
Te-gl_0016.jpg,glioma,glioma,0.6810531
Te-gl_0017.jpg,glioma,meningioma,0.9246965
Te-gl_0018.jpg,glioma,glioma,0.8466353
Te-gl_0019.jpg,glioma,meningioma,0.90876245
Te-gl_0020.jpg,glioma,glioma,0.9998783
Te-gl_0021.jpg,glioma,glioma,0.99969685
Te-gl_0022.jpg,glioma,glioma,0.9279719
Te-gl_0023.jpg,glioma,glioma,0.9428492
Te-gl_0024.jpg,glioma,glioma,0.997908
Te-gl_0025.jpg,glioma,glioma,0.96483076
Te-gl_0026.jpg,glioma,meningioma,0.93307126
Te-gl_0027.jpg,glioma,glioma,0.982278
Te-gl_0028.jpg,glioma,glioma,0.9947837
Te-gl_0029.jpg,glioma,glioma,0.997908
Te-gl_0030.jpg,glioma,glioma,0.76453
Te-gl_0031.jpg,glioma,glioma,0.9595358
Te-gl_0032.jpg,glioma,glioma,0.98024315
Te-gl_0033.jpg,glioma,glioma,0.9962597
Te-gl_0034.jpg,glioma,meningioma,0.63989085
Te-gl_0035.jpg,glioma,glioma,0.86724645
Te-gl_0036.jpg,glioma,notumor,0.49546254
Te-gl_0037.jpg,glioma,glioma,0.9978282
Te-gl_0038.jpg,glioma,glioma,0.9392797
Te-gl_0039.jpg,glioma,glioma,0.93239856
Te-gl_0040.jpg,glioma,meningioma,0.5823979
Te-gl_0041.jpg,glioma,meningioma,0.74149525
Te-gl_0042.jpg,glioma,glioma,0.9908949
Te-gl_0043.jpg,glioma,meningioma,0.9263944
Te-gl_0044.jpg,glioma,meningioma,0.9652837
Te-gl_0045.jpg,glioma,meningioma,0.85674167
Te-gl_0046.jpg,glioma,meningioma,0.96691674
Te-gl_0047.jpg,glioma,meningioma,0.5130323
Te-gl_0048.jpg,glioma,meningioma,0.9611725
Te-gl_0049.jpg,glioma,glioma,0.9871373
Te-gl_0050.jpg,glioma,glioma,0.7604426
Te-gl_0051.jpg,glioma,glioma,0.7677381
Te-gl_0052.jpg,glioma,glioma,0.9674635
Te-gl_0053.jpg,glioma,glioma,0.9961659
Te-gl_0054.jpg,glioma,glioma,0.9984693
Te-gl_0055.jpg,glioma,glioma,0.67528373
Te-gl_0056.jpg,glioma,glioma,0.9999943
Te-gl_0057.jpg,glioma,glioma,0.9944265
Te-gl_0058.jpg,glioma,glioma,0.66430783
Te-gl_0059.jpg,glioma,glioma,0.9766278
Te-gl_0060.jpg,glioma,glioma,0.9870164
Te-gl_0061.jpg,glioma,glioma,0.99382895
Te-gl_0062.jpg,glioma,glioma,0.99956316
Te-gl_0063.jpg,glioma,glioma,0.9999479
Te-gl_0064.jpg,glioma,glioma,0.99375004
Te-gl_0065.jpg,glioma,glioma,0.9911221
Te-gl_0066.jpg,glioma,glioma,0.9751118
Te-gl_0067.jpg,glioma,glioma,0.9983802
Te-gl_0068.jpg,glioma,glioma,0.9911056
Te-gl_0069.jpg,glioma,glioma,0.9997131
Te-gl_0070.jpg,glioma,glioma,0.9989108
Te-gl_0071.jpg,glioma,glioma,0.99868673
Te-gl_0072.jpg,glioma,glioma,0.99249685
Te-gl_0073.jpg,glioma,glioma,0.9925028
Te-gl_0074.jpg,glioma,glioma,0.99523455
Te-gl_0075.jpg,glioma,glioma,0.99893814
Te-gl_0076.jpg,glioma,glioma,0.9999981
Te-gl_0077.jpg,glioma,glioma,0.94909185
Te-gl_0078.jpg,glioma,glioma,0.99999654
Te-gl_0079.jpg,glioma,glioma,1.0
Te-gl_0080.jpg,glioma,glioma,0.99906164
Te-gl_0081.jpg,glioma,glioma,0.9935874
Te-gl_0082.jpg,glioma,glioma,0.99833906
Te-gl_0083.jpg,glioma,glioma,0.9999821
Te-gl_0084.jpg,glioma,glioma,0.99996734
Te-gl_0085.jpg,glioma,glioma,0.9993019
Te-gl_0086.jpg,glioma,glioma,0.9972384
Te-gl_0087.jpg,glioma,glioma,0.99507266
Te-gl_0088.jpg,glioma,glioma,0.9911761
Te-gl_0089.jpg,glioma,glioma,0.9991097
Te-gl_0090.jpg,glioma,glioma,0.9999926
Te-gl_0091.jpg,glioma,glioma,0.99996793
Te-gl_0092.jpg,glioma,glioma,0.99911994
Te-gl_0093.jpg,glioma,glioma,0.9999968
Te-gl_0094.jpg,glioma,glioma,0.9999229
Te-gl_0095.jpg,glioma,glioma,0.99977976
Te-gl_0096.jpg,glioma,glioma,0.99939847
Te-gl_0097.jpg,glioma,glioma,0.9999635
Te-gl_0098.jpg,glioma,glioma,0.99999225
Te-gl_0099.jpg,glioma,glioma,0.99362624
Te-gl_0100.jpg,glioma,glioma,0.9999933
Te-gl_0101.jpg,glioma,glioma,0.9982304
Te-gl_0102.jpg,glioma,glioma,0.99997485
Te-gl_0103.jpg,glioma,glioma,0.99999917
Te-gl_0104.jpg,glioma,glioma,0.99998724
Te-gl_0105.jpg,glioma,glioma,0.9994979
Te-gl_0106.jpg,glioma,glioma,0.97366273
Te-gl_0107.jpg,glioma,glioma,0.9683156
Te-gl_0108.jpg,glioma,glioma,0.9999988
Te-gl_0109.jpg,glioma,glioma,0.99841034
Te-gl_0110.jpg,glioma,glioma,0.9996294
Te-gl_0111.jpg,glioma,glioma,0.99930155
Te-gl_0112.jpg,glioma,glioma,0.9988998
Te-gl_0113.jpg,glioma,glioma,0.9994635
Te-gl_0114.jpg,glioma,glioma,0.974036
Te-gl_0115.jpg,glioma,glioma,0.99991584
Te-gl_0116.jpg,glioma,glioma,0.9998814
Te-gl_0117.jpg,glioma,glioma,0.9988416
Te-gl_0118.jpg,glioma,glioma,0.9788734
Te-gl_0119.jpg,glioma,glioma,0.9940054
Te-gl_0120.jpg,glioma,glioma,0.99743265
Te-gl_0121.jpg,glioma,glioma,0.999445
Te-gl_0122.jpg,glioma,glioma,0.9817317
Te-gl_0123.jpg,glioma,glioma,0.9999949
Te-gl_0124.jpg,glioma,glioma,0.9999919
Te-gl_0125.jpg,glioma,glioma,0.99509627
Te-gl_0126.jpg,glioma,glioma,0.9987723
Te-gl_0127.jpg,glioma,glioma,0.9647911
Te-gl_0128.jpg,glioma,glioma,0.99564916
Te-gl_0129.jpg,glioma,glioma,0.9950958
Te-gl_0130.jpg,glioma,glioma,0.989851
Te-gl_0131.jpg,glioma,glioma,0.9638994
Te-gl_0132.jpg,glioma,glioma,0.9999409
Te-gl_0133.jpg,glioma,glioma,0.9993942
Te-gl_0134.jpg,glioma,glioma,0.99991703
Te-gl_0135.jpg,glioma,glioma,0.9959137
Te-gl_0136.jpg,glioma,glioma,0.6793762
Te-gl_0137.jpg,glioma,glioma,0.99297136
Te-gl_0138.jpg,glioma,glioma,0.9963043
Te-gl_0139.jpg,glioma,glioma,0.9994698
Te-gl_0140.jpg,glioma,glioma,0.9927584
Te-gl_0141.jpg,glioma,glioma,0.9998679
Te-gl_0142.jpg,glioma,glioma,0.80142134
Te-gl_0143.jpg,glioma,glioma,0.9996941
Te-gl_0144.jpg,glioma,glioma,0.99734
Te-gl_0145.jpg,glioma,glioma,0.99948955
Te-gl_0146.jpg,glioma,glioma,0.9999989
Te-gl_0147.jpg,glioma,glioma,0.9999343
Te-gl_0148.jpg,glioma,glioma,0.9992749
Te-gl_0149.jpg,glioma,glioma,0.9955117
Te-gl_0150.jpg,glioma,glioma,0.99975663
Te-gl_0151.jpg,glioma,glioma,0.99991643
Te-gl_0152.jpg,glioma,glioma,0.987275
Te-gl_0153.jpg,glioma,glioma,0.9758858
Te-gl_0154.jpg,glioma,glioma,0.9993969
Te-gl_0155.jpg,glioma,glioma,0.99990726
Te-gl_0156.jpg,glioma,glioma,0.9997601
Te-gl_0157.jpg,glioma,glioma,0.9997775
Te-gl_0158.jpg,glioma,glioma,0.9795934
Te-gl_0159.jpg,glioma,glioma,0.7441253
Te-gl_0160.jpg,glioma,glioma,0.9234713
Te-gl_0161.jpg,glioma,glioma,0.9884582
Te-gl_0162.jpg,glioma,glioma,0.83867854
Te-gl_0163.jpg,glioma,glioma,0.87468666
Te-gl_0164.jpg,glioma,glioma,0.99941325
Te-gl_0165.jpg,glioma,glioma,0.99917334
Te-gl_0166.jpg,glioma,glioma,0.9996681
Te-gl_0167.jpg,glioma,glioma,0.99999225
Te-gl_0168.jpg,glioma,glioma,0.9922969
Te-gl_0169.jpg,glioma,glioma,0.99992406
Te-gl_0170.jpg,glioma,glioma,0.99988437
Te-gl_0171.jpg,glioma,glioma,0.99999535
Te-gl_0172.jpg,glioma,glioma,0.92927665
Te-gl_0173.jpg,glioma,glioma,0.9923552
Te-gl_0174.jpg,glioma,glioma,0.99877053
Te-gl_0175.jpg,glioma,glioma,0.97768825
Te-gl_0176.jpg,glioma,glioma,0.9989794
Te-gl_0177.jpg,glioma,glioma,0.9978357
Te-gl_0178.jpg,glioma,glioma,0.96537715
Te-gl_0179.jpg,glioma,glioma,0.99993515
Te-gl_0180.jpg,glioma,glioma,0.9995882
Te-gl_0181.jpg,glioma,glioma,0.9991208
Te-gl_0182.jpg,glioma,glioma,0.9966995
Te-gl_0183.jpg,glioma,glioma,0.99540246
Te-gl_0184.jpg,glioma,glioma,0.9903211
Te-gl_0185.jpg,glioma,glioma,0.9999764
Te-gl_0186.jpg,glioma,glioma,0.99836665
Te-gl_0187.jpg,glioma,glioma,0.9987394
Te-gl_0188.jpg,glioma,glioma,0.97902805
Te-gl_0189.jpg,glioma,glioma,0.9999788
Te-gl_0190.jpg,glioma,glioma,0.99998987
Te-gl_0191.jpg,glioma,glioma,0.9997234
Te-gl_0192.jpg,glioma,glioma,0.9972849
Te-gl_0193.jpg,glioma,glioma,0.9999974
Te-gl_0194.jpg,glioma,glioma,0.9999969
Te-gl_0195.jpg,glioma,glioma,0.9999776
Te-gl_0196.jpg,glioma,glioma,0.9973174
Te-gl_0197.jpg,glioma,glioma,0.9923995
Te-gl_0198.jpg,glioma,glioma,0.9935394
Te-gl_0199.jpg,glioma,glioma,0.99995816
Te-gl_0200.jpg,glioma,glioma,0.9946221
Te-gl_0201.jpg,glioma,glioma,0.97951996
Te-gl_0202.jpg,glioma,glioma,0.9987668
Te-gl_0203.jpg,glioma,glioma,0.9964036
Te-gl_0204.jpg,glioma,glioma,0.9999819
Te-gl_0205.jpg,glioma,glioma,0.99998415
Te-gl_0206.jpg,glioma,glioma,0.9786299
Te-gl_0207.jpg,glioma,glioma,0.9993267
Te-gl_0208.jpg,glioma,glioma,0.9977653
Te-gl_0209.jpg,glioma,glioma,0.99955887
Te-gl_0210.jpg,glioma,glioma,0.9972669
Te-gl_0211.jpg,glioma,glioma,0.999559
Te-gl_0212.jpg,glioma,glioma,0.9999312
Te-gl_0213.jpg,glioma,glioma,0.9996748
Te-gl_0214.jpg,glioma,glioma,0.99987817
Te-gl_0215.jpg,glioma,glioma,0.9999548
Te-gl_0216.jpg,glioma,glioma,0.9999969
Te-gl_0217.jpg,glioma,glioma,0.99995863
Te-gl_0218.jpg,glioma,glioma,0.9985744
Te-gl_0219.jpg,glioma,glioma,0.999992
Te-gl_0220.jpg,glioma,glioma,0.99997306
Te-gl_0221.jpg,glioma,glioma,0.9991283
Te-gl_0222.jpg,glioma,glioma,0.9998945
Te-gl_0223.jpg,glioma,glioma,0.99289155
Te-gl_0224.jpg,glioma,glioma,0.9999341
Te-gl_0225.jpg,glioma,glioma,0.91794527
Te-gl_0226.jpg,glioma,glioma,0.9984705
Te-gl_0227.jpg,glioma,glioma,0.99861753
Te-gl_0228.jpg,glioma,glioma,0.9888466
Te-gl_0229.jpg,glioma,glioma,0.67327535
Te-gl_0230.jpg,glioma,glioma,0.9962937
Te-gl_0231.jpg,glioma,glioma,0.9946017
Te-gl_0232.jpg,glioma,glioma,0.9952486
Te-gl_0233.jpg,glioma,glioma,0.9834341
Te-gl_0234.jpg,glioma,glioma,0.9654934
Te-gl_0235.jpg,glioma,glioma,0.9376843
Te-gl_0236.jpg,glioma,glioma,0.93182623
Te-gl_0237.jpg,glioma,glioma,0.99422073
Te-gl_0238.jpg,glioma,glioma,0.7079684
Te-gl_0239.jpg,glioma,glioma,0.9998312
Te-gl_0240.jpg,glioma,glioma,0.9928772
Te-gl_0241.jpg,glioma,glioma,0.9441739
Te-gl_0242.jpg,glioma,glioma,0.9797717
Te-gl_0243.jpg,glioma,glioma,0.9957354
Te-gl_0244.jpg,glioma,glioma,0.87083244
Te-gl_0245.jpg,glioma,glioma,0.9727782
Te-gl_0246.jpg,glioma,glioma,0.99341786
Te-gl_0247.jpg,glioma,glioma,0.997271
Te-gl_0248.jpg,glioma,glioma,0.9982406
Te-gl_0249.jpg,glioma,glioma,0.99982244
Te-gl_0250.jpg,glioma,glioma,0.999418
Te-gl_0251.jpg,glioma,glioma,0.9910744
Te-gl_0252.jpg,glioma,glioma,0.9937372
Te-gl_0253.jpg,glioma,glioma,0.9905218
Te-gl_0254.jpg,glioma,glioma,0.95609826
Te-gl_0255.jpg,glioma,glioma,0.99947006
Te-gl_0256.jpg,glioma,glioma,0.7567372
Te-gl_0257.jpg,glioma,glioma,0.9767835
Te-gl_0258.jpg,glioma,glioma,0.9550177
Te-gl_0259.jpg,glioma,glioma,0.9992404
Te-gl_0260.jpg,glioma,glioma,0.974484
Te-gl_0261.jpg,glioma,glioma,0.9964541
Te-gl_0262.jpg,glioma,glioma,0.9741523
Te-gl_0263.jpg,glioma,glioma,0.99769187
Te-gl_0264.jpg,glioma,glioma,0.99758434
Te-gl_0265.jpg,glioma,glioma,0.9991757
Te-gl_0266.jpg,glioma,glioma,0.9932074
Te-gl_0267.jpg,glioma,glioma,0.9981786
Te-gl_0268.jpg,glioma,glioma,0.9986945
Te-gl_0269.jpg,glioma,glioma,0.9780059
Te-gl_0270.jpg,glioma,glioma,0.9918949
Te-gl_0271.jpg,glioma,glioma,0.9955283
Te-gl_0272.jpg,glioma,glioma,0.9998098
Te-gl_0273.jpg,glioma,glioma,0.99931085
Te-gl_0274.jpg,glioma,glioma,0.9918942
Te-gl_0275.jpg,glioma,glioma,0.99445975
Te-gl_0276.jpg,glioma,glioma,0.9982318
Te-gl_0277.jpg,glioma,glioma,0.99823856
Te-gl_0278.jpg,glioma,glioma,0.99005336
Te-gl_0279.jpg,glioma,glioma,0.9839919
Te-gl_0280.jpg,glioma,glioma,0.99447775
Te-gl_0281.jpg,glioma,glioma,0.99647695
Te-gl_0282.jpg,glioma,glioma,0.99897003
Te-gl_0283.jpg,glioma,glioma,0.99870753
Te-gl_0284.jpg,glioma,glioma,0.93005216
Te-gl_0285.jpg,glioma,glioma,0.9979017
Te-gl_0286.jpg,glioma,glioma,0.9999089
Te-gl_0287.jpg,glioma,glioma,0.99949884
Te-gl_0288.jpg,glioma,glioma,0.9990017
Te-gl_0289.jpg,glioma,glioma,0.99830085
Te-gl_0290.jpg,glioma,glioma,0.994369
Te-gl_0291.jpg,glioma,glioma,0.98359203
Te-gl_0292.jpg,glioma,glioma,0.9994468
Te-gl_0293.jpg,glioma,meningioma,0.542776
Te-gl_0294.jpg,glioma,glioma,0.99965596
Te-gl_0295.jpg,glioma,glioma,0.9846265
Te-gl_0296.jpg,glioma,glioma,0.9859753
Te-gl_0297.jpg,glioma,glioma,0.93900704
Te-gl_0298.jpg,glioma,glioma,0.99913305
Te-gl_0299.jpg,glioma,glioma,0.9595768
Te-meTr_0000.jpg,meningioma,meningioma,0.99945396
Te-meTr_0001.jpg,meningioma,meningioma,0.9198947
Te-meTr_0002.jpg,meningioma,meningioma,0.96684444
Te-meTr_0003.jpg,meningioma,pituitary,0.9939089
Te-meTr_0004.jpg,meningioma,meningioma,0.99960464
Te-meTr_0005.jpg,meningioma,notumor,0.99999297
Te-meTr_0006.jpg,meningioma,notumor,0.9999968
Te-meTr_0007.jpg,meningioma,meningioma,0.9798583
Te-meTr_0008.jpg,meningioma,meningioma,0.88654464
Te-meTr_0009.jpg,meningioma,meningioma,0.99174446
Te-me_0010.jpg,meningioma,notumor,0.90861964
Te-me_0011.jpg,meningioma,notumor,0.9998356
Te-me_0012.jpg,meningioma,meningioma,0.99981934
Te-me_0013.jpg,meningioma,meningioma,0.99954885
Te-me_0014.jpg,meningioma,notumor,1.0
Te-me_0015.jpg,meningioma,notumor,0.9957991
Te-me_0016.jpg,meningioma,meningioma,0.9994796
Te-me_0017.jpg,meningioma,meningioma,0.99962294
Te-me_0018.jpg,meningioma,meningioma,0.8064101
Te-me_0019.jpg,meningioma,notumor,0.98630744
Te-me_0020.jpg,meningioma,notumor,0.9526973
Te-me_0021.jpg,meningioma,meningioma,0.6289049
Te-me_0022.jpg,meningioma,meningioma,0.99117976
Te-me_0023.jpg,meningioma,meningioma,0.8884792
Te-me_0024.jpg,meningioma,meningioma,0.99898356
Te-me_0025.jpg,meningioma,meningioma,0.9999982
Te-me_0026.jpg,meningioma,meningioma,0.9862163
Te-me_0027.jpg,meningioma,meningioma,0.7478696
Te-me_0028.jpg,meningioma,meningioma,0.9995433
Te-me_0029.jpg,meningioma,notumor,0.9996786
Te-me_0030.jpg,meningioma,pituitary,0.8447889
Te-me_0031.jpg,meningioma,notumor,0.90861964
Te-me_0032.jpg,meningioma,meningioma,0.9999999
Te-me_0033.jpg,meningioma,meningioma,0.96781844
Te-me_0034.jpg,meningioma,notumor,0.95531017
Te-me_0035.jpg,meningioma,notumor,0.9999082
Te-me_0036.jpg,meningioma,notumor,0.9977986
Te-me_0037.jpg,meningioma,notumor,0.5374217
Te-me_0038.jpg,meningioma,meningioma,0.95644695
Te-me_0039.jpg,meningioma,pituitary,0.99756455
Te-me_0040.jpg,meningioma,meningioma,0.99473083
Te-me_0041.jpg,meningioma,meningioma,0.99947745
Te-me_0042.jpg,meningioma,meningioma,0.86957026
Te-me_0043.jpg,meningioma,meningioma,0.5665645
Te-me_0044.jpg,meningioma,notumor,0.8712343
Te-me_0045.jpg,meningioma,notumor,0.72311634
Te-me_0046.jpg,meningioma,meningioma,0.9995815
Te-me_0047.jpg,meningioma,meningioma,0.98131496
Te-me_0048.jpg,meningioma,pituitary,0.9990664
Te-me_0049.jpg,meningioma,pituitary,0.892208
Te-me_0050.jpg,meningioma,pituitary,0.99194473
Te-me_0051.jpg,meningioma,meningioma,0.5489727
Te-me_0052.jpg,meningioma,meningioma,0.96516335
Te-me_0053.jpg,meningioma,meningioma,0.9249001
Te-me_0054.jpg,meningioma,meningioma,0.9207992
Te-me_0055.jpg,meningioma,meningioma,0.59828734
Te-me_0056.jpg,meningioma,meningioma,0.5048859
Te-me_0057.jpg,meningioma,meningioma,0.977422
Te-me_0058.jpg,meningioma,notumor,0.7511872
Te-me_0059.jpg,meningioma,meningioma,0.9486289
Te-me_0060.jpg,meningioma,notumor,0.8523916
Te-me_0061.jpg,meningioma,meningioma,0.9995783
Te-me_0062.jpg,meningioma,meningioma,0.9894549
Te-me_0063.jpg,meningioma,meningioma,0.99766207
Te-me_0064.jpg,meningioma,meningioma,0.98032403
Te-me_0065.jpg,meningioma,meningioma,0.9999474
Te-me_0066.jpg,meningioma,meningioma,0.9990594
Te-me_0067.jpg,meningioma,meningioma,0.99262226
Te-me_0068.jpg,meningioma,meningioma,0.9862881
Te-me_0069.jpg,meningioma,meningioma,1.0
Te-me_0070.jpg,meningioma,meningioma,0.99999976
Te-me_0071.jpg,meningioma,meningioma,0.9998466
Te-me_0072.jpg,meningioma,meningioma,0.9999515
Te-me_0073.jpg,meningioma,meningioma,0.9998466
Te-me_0074.jpg,meningioma,meningioma,0.9993574
Te-me_0075.jpg,meningioma,meningioma,0.99987113
Te-me_0076.jpg,meningioma,meningioma,0.99973375
Te-me_0077.jpg,meningioma,meningioma,0.8819845
Te-me_0078.jpg,meningioma,meningioma,0.9998591
Te-me_0079.jpg,meningioma,meningioma,0.9888586
Te-me_0080.jpg,meningioma,meningioma,0.9999999
Te-me_0081.jpg,meningioma,meningioma,1.0
Te-me_0082.jpg,meningioma,meningioma,0.9889797
Te-me_0083.jpg,meningioma,meningioma,0.99891984
Te-me_0084.jpg,meningioma,meningioma,1.0
Te-me_0085.jpg,meningioma,meningioma,0.9999993
Te-me_0086.jpg,meningioma,meningioma,0.9997801
Te-me_0087.jpg,meningioma,meningioma,0.99979967
Te-me_0088.jpg,meningioma,meningioma,0.99998784
Te-me_0089.jpg,meningioma,meningioma,0.9995388
Te-me_0090.jpg,meningioma,meningioma,0.9929974
Te-me_0091.jpg,meningioma,meningioma,0.99850595
Te-me_0092.jpg,meningioma,meningioma,0.67987406
Te-me_0093.jpg,meningioma,meningioma,0.99999976
Te-me_0094.jpg,meningioma,meningioma,0.9893567
Te-me_0095.jpg,meningioma,meningioma,0.9891394
Te-me_0096.jpg,meningioma,meningioma,0.9996393
Te-me_0097.jpg,meningioma,meningioma,0.99998045
Te-me_0098.jpg,meningioma,meningioma,0.9999598
Te-me_0099.jpg,meningioma,meningioma,0.93739736
Te-me_0100.jpg,meningioma,meningioma,0.9959337
Te-me_0101.jpg,meningioma,meningioma,0.9915521
Te-me_0102.jpg,meningioma,meningioma,0.99999106
Te-me_0103.jpg,meningioma,meningioma,0.9997904
Te-me_0104.jpg,meningioma,meningioma,0.9999981
Te-me_0105.jpg,meningioma,meningioma,0.9886437
Te-me_0106.jpg,meningioma,meningioma,0.99998164
Te-me_0107.jpg,meningioma,meningioma,0.9996395
Te-me_0108.jpg,meningioma,meningioma,0.99988186
Te-me_0109.jpg,meningioma,meningioma,0.93702334
Te-me_0110.jpg,meningioma,meningioma,0.9988018
Te-me_0111.jpg,meningioma,meningioma,0.9993231
Te-me_0112.jpg,meningioma,meningioma,0.99978274
Te-me_0113.jpg,meningioma,meningioma,0.9999583
Te-me_0114.jpg,meningioma,meningioma,0.83983326
Te-me_0115.jpg,meningioma,meningioma,0.99982965
Te-me_0116.jpg,meningioma,meningioma,0.9449236
Te-me_0117.jpg,meningioma,meningioma,0.9989072
Te-me_0118.jpg,meningioma,meningioma,0.99841416
Te-me_0119.jpg,meningioma,meningioma,0.9967507
Te-me_0120.jpg,meningioma,meningioma,0.94566923
Te-me_0121.jpg,meningioma,meningioma,0.9997068
Te-me_0122.jpg,meningioma,meningioma,0.91538095
Te-me_0123.jpg,meningioma,meningioma,0.9996655
Te-me_0124.jpg,meningioma,meningioma,0.9920536
Te-me_0125.jpg,meningioma,meningioma,0.999972
Te-me_0126.jpg,meningioma,meningioma,0.99871135
Te-me_0127.jpg,meningioma,meningioma,0.9961618
Te-me_0128.jpg,meningioma,meningioma,0.99996614
Te-me_0129.jpg,meningioma,meningioma,0.9998029
Te-me_0130.jpg,meningioma,meningioma,0.99999666
Te-me_0131.jpg,meningioma,meningioma,0.9999778
Te-me_0132.jpg,meningioma,meningioma,0.9219292
Te-me_0133.jpg,meningioma,meningioma,0.99921966
Te-me_0134.jpg,meningioma,meningioma,0.99898416
Te-me_0135.jpg,meningioma,meningioma,0.99997497
Te-me_0136.jpg,meningioma,meningioma,0.9996531
Te-me_0137.jpg,meningioma,meningioma,0.9992755
Te-me_0138.jpg,meningioma,meningioma,0.93627024
Te-me_0139.jpg,meningioma,meningioma,0.9999994
Te-me_0140.jpg,meningioma,meningioma,0.96684444
Te-me_0141.jpg,meningioma,meningioma,0.9997968
Te-me_0142.jpg,meningioma,meningioma,0.92040944
Te-me_0143.jpg,meningioma,meningioma,0.99998164
Te-me_0144.jpg,meningioma,meningioma,0.99987674
Te-me_0145.jpg,meningioma,meningioma,0.9988018
Te-me_0146.jpg,meningioma,meningioma,0.9986696
Te-me_0147.jpg,meningioma,meningioma,0.99890506
Te-me_0148.jpg,meningioma,meningioma,0.99625933
Te-me_0149.jpg,meningioma,meningioma,0.9999682
Te-me_0150.jpg,meningioma,meningioma,0.99820566
Te-me_0151.jpg,meningioma,meningioma,0.9958262
Te-me_0152.jpg,meningioma,meningioma,0.99784195
Te-me_0153.jpg,meningioma,meningioma,0.9997496
Te-me_0154.jpg,meningioma,meningioma,0.99935335
Te-me_0155.jpg,meningioma,meningioma,0.9999404
Te-me_0156.jpg,meningioma,meningioma,0.9996573
Te-me_0157.jpg,meningioma,meningioma,0.9982652
Te-me_0158.jpg,meningioma,meningioma,0.99098295
Te-me_0159.jpg,meningioma,meningioma,0.9998542
Te-me_0160.jpg,meningioma,meningioma,0.9446457
Te-me_0161.jpg,meningioma,meningioma,0.999972
Te-me_0162.jpg,meningioma,meningioma,0.94668114
Te-me_0163.jpg,meningioma,meningioma,0.9994925
Te-me_0164.jpg,meningioma,meningioma,0.9775712
Te-me_0165.jpg,meningioma,meningioma,0.9998803
Te-me_0166.jpg,meningioma,meningioma,0.99989796
Te-me_0167.jpg,meningioma,meningioma,0.99937147
Te-me_0168.jpg,meningioma,meningioma,0.9980519
Te-me_0169.jpg,meningioma,meningioma,0.996725
Te-me_0170.jpg,meningioma,meningioma,0.9983962
Te-me_0171.jpg,meningioma,meningioma,0.9972264
Te-me_0172.jpg,meningioma,meningioma,0.99910223
Te-me_0173.jpg,meningioma,meningioma,0.9992899
Te-me_0174.jpg,meningioma,meningioma,0.9995864
Te-me_0175.jpg,meningioma,meningioma,0.9999049
Te-me_0176.jpg,meningioma,meningioma,0.9954768
Te-me_0177.jpg,meningioma,meningioma,0.9993912
Te-me_0178.jpg,meningioma,meningioma,0.9464435
Te-me_0179.jpg,meningioma,meningioma,0.99723107
Te-me_0180.jpg,meningioma,meningioma,0.9985073
Te-me_0181.jpg,meningioma,meningioma,0.9913892
Te-me_0182.jpg,meningioma,meningioma,0.99991786
Te-me_0183.jpg,meningioma,meningioma,0.9904406
Te-me_0184.jpg,meningioma,meningioma,0.9956528
Te-me_0185.jpg,meningioma,meningioma,0.99952555
Te-me_0186.jpg,meningioma,meningioma,0.9999536
Te-me_0187.jpg,meningioma,meningioma,0.9900524
Te-me_0188.jpg,meningioma,meningioma,0.9909411
Te-me_0189.jpg,meningioma,meningioma,0.9925028
Te-me_0190.jpg,meningioma,meningioma,0.9998498
Te-me_0191.jpg,meningioma,meningioma,0.9999478
Te-me_0192.jpg,meningioma,meningioma,0.997051
Te-me_0193.jpg,meningioma,meningioma,0.9979716
Te-me_0194.jpg,meningioma,meningioma,0.9998907
Te-me_0195.jpg,meningioma,meningioma,0.99857116
Te-me_0196.jpg,meningioma,meningioma,0.9965848
Te-me_0197.jpg,meningioma,meningioma,0.99760723
Te-me_0198.jpg,meningioma,meningioma,0.9975176
Te-me_0199.jpg,meningioma,meningioma,0.99989474
Te-me_0200.jpg,meningioma,meningioma,0.993512
Te-me_0201.jpg,meningioma,meningioma,0.9995388
Te-me_0202.jpg,meningioma,meningioma,0.9842535
Te-me_0203.jpg,meningioma,meningioma,0.9997129
Te-me_0204.jpg,meningioma,meningioma,0.9908416
Te-me_0205.jpg,meningioma,meningioma,0.9971609
Te-me_0206.jpg,meningioma,meningioma,0.9994178
Te-me_0207.jpg,meningioma,meningioma,0.9978441
Te-me_0208.jpg,meningioma,meningioma,0.9980413
Te-me_0209.jpg,meningioma,meningioma,0.9886009
Te-me_0210.jpg,meningioma,meningioma,0.9999995
Te-me_0211.jpg,meningioma,meningioma,0.9992859
Te-me_0212.jpg,meningioma,meningioma,0.9975108
Te-me_0213.jpg,meningioma,meningioma,0.9895689
Te-me_0214.jpg,meningioma,meningioma,0.99780875
Te-me_0215.jpg,meningioma,meningioma,0.99998415
Te-me_0216.jpg,meningioma,meningioma,0.99963284
Te-me_0217.jpg,meningioma,meningioma,0.9869551
Te-me_0218.jpg,meningioma,meningioma,0.98321724
Te-me_0219.jpg,meningioma,meningioma,0.9676925
Te-me_0220.jpg,meningioma,meningioma,0.999668
Te-me_0221.jpg,meningioma,meningioma,0.9975097
Te-me_0222.jpg,meningioma,meningioma,0.9935359
Te-me_0223.jpg,meningioma,meningioma,0.9973687
Te-me_0224.jpg,meningioma,meningioma,0.99942565
Te-me_0225.jpg,meningioma,meningioma,0.99979
Te-me_0226.jpg,meningioma,meningioma,0.9977192
Te-me_0227.jpg,meningioma,meningioma,0.99575585
Te-me_0228.jpg,meningioma,meningioma,0.99728906
Te-me_0229.jpg,meningioma,meningioma,0.99963737
Te-me_0230.jpg,meningioma,meningioma,0.9993247
Te-me_0231.jpg,meningioma,meningioma,0.98779094
Te-me_0232.jpg,meningioma,meningioma,0.99866784
Te-me_0233.jpg,meningioma,meningioma,0.99950576
Te-me_0234.jpg,meningioma,meningioma,0.99984443
Te-me_0235.jpg,meningioma,meningioma,0.99978787
Te-me_0236.jpg,meningioma,meningioma,0.9975783
Te-me_0237.jpg,meningioma,meningioma,0.9987166
Te-me_0238.jpg,meningioma,meningioma,0.9895695
Te-me_0239.jpg,meningioma,meningioma,0.99993145
Te-me_0240.jpg,meningioma,meningioma,0.9933257
Te-me_0241.jpg,meningioma,meningioma,0.9989133
Te-me_0242.jpg,meningioma,meningioma,0.9762713
Te-me_0243.jpg,meningioma,meningioma,0.99995124
Te-me_0244.jpg,meningioma,meningioma,0.9766866
Te-me_0245.jpg,meningioma,meningioma,0.9949033
Te-me_0246.jpg,meningioma,meningioma,0.99673814
Te-me_0247.jpg,meningioma,meningioma,0.97828805
Te-me_0248.jpg,meningioma,meningioma,0.9993703
Te-me_0249.jpg,meningioma,meningioma,0.9991691
Te-me_0250.jpg,meningioma,meningioma,0.99897504
Te-me_0251.jpg,meningioma,meningioma,0.9950841
Te-me_0252.jpg,meningioma,meningioma,0.99794644
Te-me_0253.jpg,meningioma,meningioma,0.9986411
Te-me_0254.jpg,meningioma,meningioma,0.9999931
Te-me_0255.jpg,meningioma,meningioma,0.958801
Te-me_0256.jpg,meningioma,meningioma,0.9999405
Te-me_0257.jpg,meningioma,meningioma,0.97605705
Te-me_0258.jpg,meningioma,meningioma,0.99435306
Te-me_0259.jpg,meningioma,meningioma,0.99832886
Te-me_0260.jpg,meningioma,meningioma,0.9993011
Te-me_0261.jpg,meningioma,meningioma,0.99897623
Te-me_0262.jpg,meningioma,meningioma,0.8902045
Te-me_0263.jpg,meningioma,meningioma,0.9766118
Te-me_0264.jpg,meningioma,meningioma,0.999587
Te-me_0265.jpg,meningioma,meningioma,0.998569
Te-me_0266.jpg,meningioma,meningioma,0.99786514
Te-me_0267.jpg,meningioma,meningioma,0.9986841
Te-me_0268.jpg,meningioma,meningioma,0.9955195
Te-me_0269.jpg,meningioma,meningioma,0.99151987
Te-me_0270.jpg,meningioma,meningioma,0.9992995
Te-me_0271.jpg,meningioma,meningioma,0.97831273
Te-me_0272.jpg,meningioma,meningioma,0.98575425
Te-me_0273.jpg,meningioma,meningioma,0.9999378
Te-me_0274.jpg,meningioma,meningioma,0.999806
Te-me_0275.jpg,meningioma,meningioma,0.9960145
Te-me_0276.jpg,meningioma,meningioma,0.999803
Te-me_0277.jpg,meningioma,meningioma,0.9825816
Te-me_0278.jpg,meningioma,meningioma,0.9994758
Te-me_0279.jpg,meningioma,meningioma,0.9927377
Te-me_0280.jpg,meningioma,meningioma,0.98602617
Te-me_0281.jpg,meningioma,meningioma,0.9982243
Te-me_0282.jpg,meningioma,meningioma,0.99467874
Te-me_0283.jpg,meningioma,meningioma,0.98113096
Te-me_0284.jpg,meningioma,meningioma,0.99904174
Te-me_0285.jpg,meningioma,meningioma,0.99924767
Te-me_0286.jpg,meningioma,meningioma,0.99697053
Te-me_0287.jpg,meningioma,meningioma,0.9933066
Te-me_0288.jpg,meningioma,meningioma,0.99526775
Te-me_0289.jpg,meningioma,meningioma,0.9999534
Te-me_0290.jpg,meningioma,meningioma,0.9999976
Te-me_0291.jpg,meningioma,meningioma,0.99615365
Te-me_0292.jpg,meningioma,meningioma,0.975066
Te-me_0293.jpg,meningioma,meningioma,0.8607068
Te-me_0294.jpg,meningioma,meningioma,0.99895537
Te-me_0295.jpg,meningioma,meningioma,0.99798167
Te-me_0296.jpg,meningioma,meningioma,0.9987355
Te-me_0297.jpg,meningioma,meningioma,0.96150964
Te-me_0298.jpg,meningioma,meningioma,0.99952435
Te-me_0299.jpg,meningioma,meningioma,0.9114465
Te-me_0300.jpg,meningioma,meningioma,0.9886529
Te-me_0301.jpg,meningioma,meningioma,0.9996137
Te-me_0302.jpg,meningioma,meningioma,0.99999225
Te-me_0303.jpg,meningioma,meningioma,0.99773204
Te-me_0304.jpg,meningioma,meningioma,0.99680054
Te-me_0305.jpg,meningioma,meningioma,0.9998216
Te-noTr_0000.jpg,notumor,meningioma,0.9996916
Te-noTr_0001.jpg,notumor,notumor,0.9999993
Te-noTr_0002.jpg,notumor,notumor,0.967366
Te-noTr_0003.jpg,notumor,notumor,1.0
Te-noTr_0004.jpg,notumor,glioma,0.9879842
Te-noTr_0005.jpg,notumor,notumor,0.97188175
Te-noTr_0006.jpg,notumor,notumor,0.99373794
Te-noTr_0007.jpg,notumor,notumor,0.9779398
Te-noTr_0008.jpg,notumor,notumor,0.9962716
Te-noTr_0009.jpg,notumor,notumor,0.9999856
Te-no_0010.jpg,notumor,meningioma,0.9999999
Te-no_0011.jpg,notumor,notumor,0.99996614
Te-no_0012.jpg,notumor,notumor,0.87673104
Te-no_0013.jpg,notumor,notumor,0.95007443
Te-no_0014.jpg,notumor,notumor,0.9032237
Te-no_0015.jpg,notumor,glioma,0.8002584
Te-no_0016.jpg,notumor,notumor,0.9999999
Te-no_0017.jpg,notumor,meningioma,0.5043694
Te-no_0018.jpg,notumor,notumor,0.992148
Te-no_0019.jpg,notumor,notumor,1.0
Te-no_0020.jpg,notumor,meningioma,0.5309089
Te-no_0021.jpg,notumor,notumor,0.9862851
Te-no_0022.jpg,notumor,notumor,0.99971205
Te-no_0023.jpg,notumor,notumor,0.9999993
Te-no_0024.jpg,notumor,notumor,0.52745074
Te-no_0025.jpg,notumor,notumor,0.99999905
Te-no_0026.jpg,notumor,notumor,0.9996928
Te-no_0027.jpg,notumor,meningioma,0.8337291
Te-no_0028.jpg,notumor,pituitary,0.9951132
Te-no_0029.jpg,notumor,meningioma,0.540948
Te-no_0030.jpg,notumor,notumor,0.9905391
Te-no_0031.jpg,notumor,notumor,0.9999993
Te-no_0032.jpg,notumor,notumor,1.0
Te-no_0033.jpg,notumor,notumor,0.9999707
Te-no_0034.jpg,notumor,meningioma,0.9999943
Te-no_0035.jpg,notumor,notumor,0.9999993
Te-no_0036.jpg,notumor,notumor,1.0
Te-no_0037.jpg,notumor,notumor,0.99944896
Te-no_0038.jpg,notumor,glioma,0.4870766
Te-no_0039.jpg,notumor,notumor,1.0
Te-no_0040.jpg,notumor,notumor,0.9983254
Te-no_0041.jpg,notumor,notumor,1.0
Te-no_0042.jpg,notumor,notumor,0.8598816
Te-no_0043.jpg,notumor,meningioma,0.922388
Te-no_0044.jpg,notumor,notumor,0.87673104
Te-no_0045.jpg,notumor,meningioma,0.9717478
Te-no_0046.jpg,notumor,notumor,0.9997743
Te-no_0047.jpg,notumor,notumor,1.0
Te-no_0048.jpg,notumor,notumor,0.99996614
Te-no_0049.jpg,notumor,pituitary,0.72578627
Te-no_0050.jpg,notumor,meningioma,0.9717478
Te-no_0051.jpg,notumor,notumor,0.9999713
Te-no_0052.jpg,notumor,notumor,0.9983254
Te-no_0053.jpg,notumor,notumor,0.99996614
Te-no_0054.jpg,notumor,meningioma,0.9717478
Te-no_0055.jpg,notumor,notumor,0.87673104
Te-no_0056.jpg,notumor,meningioma,0.52099615
Te-no_0057.jpg,notumor,meningioma,0.99999845
Te-no_0058.jpg,notumor,notumor,1.0
Te-no_0059.jpg,notumor,notumor,0.77193546
Te-no_0060.jpg,notumor,notumor,0.9993936
Te-no_0061.jpg,notumor,notumor,0.87673104
Te-no_0062.jpg,notumor,notumor,1.0
Te-no_0063.jpg,notumor,meningioma,0.99999404
Te-no_0064.jpg,notumor,notumor,0.9991985
Te-no_0065.jpg,notumor,notumor,0.9905391
Te-no_0066.jpg,notumor,notumor,0.993091
Te-no_0067.jpg,notumor,notumor,0.9999993
Te-no_0068.jpg,notumor,notumor,0.99996614
Te-no_0069.jpg,notumor,meningioma,0.540948
Te-no_0070.jpg,notumor,notumor,0.992148
Te-no_0071.jpg,notumor,pituitary,0.996899
Te-no_0072.jpg,notumor,notumor,0.9862851
Te-no_0073.jpg,notumor,notumor,1.0
Te-no_0074.jpg,notumor,meningioma,0.54135215
Te-no_0075.jpg,notumor,notumor,0.99971205
Te-no_0076.jpg,notumor,notumor,0.9999925
Te-no_0077.jpg,notumor,notumor,1.0
Te-no_0078.jpg,notumor,notumor,0.996496
Te-no_0079.jpg,notumor,notumor,0.54626405
Te-no_0080.jpg,notumor,notumor,1.0
Te-no_0081.jpg,notumor,notumor,0.9999993
Te-no_0082.jpg,notumor,notumor,0.9999987
Te-no_0083.jpg,notumor,notumor,1.0
Te-no_0084.jpg,notumor,notumor,0.9999993
Te-no_0085.jpg,notumor,notumor,0.9999988
Te-no_0086.jpg,notumor,notumor,1.0
Te-no_0087.jpg,notumor,notumor,0.99996614
Te-no_0088.jpg,notumor,notumor,0.9779398
Te-no_0089.jpg,notumor,notumor,1.0
Te-no_0090.jpg,notumor,notumor,0.9999882
Te-no_0091.jpg,notumor,notumor,0.99999714
Te-no_0092.jpg,notumor,notumor,1.0
Te-no_0093.jpg,notumor,notumor,1.0
Te-no_0094.jpg,notumor,notumor,1.0
Te-no_0095.jpg,notumor,notumor,1.0
Te-no_0096.jpg,notumor,notumor,0.99999905
Te-no_0097.jpg,notumor,notumor,0.94898117
Te-no_0098.jpg,notumor,notumor,0.99997365
Te-no_0099.jpg,notumor,notumor,0.9999995
Te-no_0100.jpg,notumor,notumor,0.9996469
Te-no_0101.jpg,notumor,notumor,1.0
Te-no_0102.jpg,notumor,notumor,1.0
Te-no_0103.jpg,notumor,notumor,1.0
Te-no_0104.jpg,notumor,notumor,0.99963236
Te-no_0105.jpg,notumor,notumor,1.0
Te-no_0106.jpg,notumor,notumor,0.99999964
Te-no_0107.jpg,notumor,notumor,0.99955994
Te-no_0108.jpg,notumor,notumor,0.99999964
Te-no_0109.jpg,notumor,notumor,1.0
Te-no_0110.jpg,notumor,notumor,1.0
Te-no_0111.jpg,notumor,notumor,1.0
Te-no_0112.jpg,notumor,notumor,1.0
Te-no_0113.jpg,notumor,notumor,0.99999917
Te-no_0114.jpg,notumor,notumor,0.9999988
Te-no_0115.jpg,notumor,notumor,0.9999995
Te-no_0116.jpg,notumor,notumor,1.0
Te-no_0117.jpg,notumor,notumor,1.0
Te-no_0118.jpg,notumor,notumor,0.99998844
Te-no_0119.jpg,notumor,notumor,1.0
Te-no_0120.jpg,notumor,notumor,1.0
Te-no_0121.jpg,notumor,notumor,0.9999274
Te-no_0122.jpg,notumor,notumor,1.0
Te-no_0123.jpg,notumor,notumor,1.0
Te-no_0124.jpg,notumor,notumor,0.99999976
Te-no_0125.jpg,notumor,notumor,1.0
Te-no_0126.jpg,notumor,notumor,1.0
Te-no_0127.jpg,notumor,notumor,0.9999759
Te-no_0128.jpg,notumor,notumor,0.99999297
Te-no_0129.jpg,notumor,notumor,1.0
Te-no_0130.jpg,notumor,notumor,0.9999987
Te-no_0131.jpg,notumor,notumor,1.0
Te-no_0132.jpg,notumor,notumor,1.0
Te-no_0133.jpg,notumor,notumor,1.0
Te-no_0134.jpg,notumor,notumor,0.9999982
Te-no_0135.jpg,notumor,notumor,0.9999993
Te-no_0136.jpg,notumor,notumor,0.99999845
Te-no_0137.jpg,notumor,notumor,1.0
Te-no_0138.jpg,notumor,notumor,0.99994874
Te-no_0139.jpg,notumor,notumor,1.0
Te-no_0140.jpg,notumor,notumor,1.0
Te-no_0141.jpg,notumor,notumor,1.0
Te-no_0142.jpg,notumor,notumor,1.0
Te-no_0143.jpg,notumor,notumor,1.0
Te-no_0144.jpg,notumor,notumor,1.0
Te-no_0145.jpg,notumor,notumor,1.0
Te-no_0146.jpg,notumor,notumor,1.0
Te-no_0147.jpg,notumor,notumor,1.0
Te-no_0148.jpg,notumor,notumor,1.0
Te-no_0149.jpg,notumor,notumor,0.99999976
Te-no_0150.jpg,notumor,notumor,0.9999999
Te-no_0151.jpg,notumor,notumor,1.0
Te-no_0152.jpg,notumor,notumor,1.0
Te-no_0153.jpg,notumor,notumor,1.0
Te-no_0154.jpg,notumor,notumor,0.99999976
Te-no_0155.jpg,notumor,notumor,1.0
Te-no_0156.jpg,notumor,notumor,1.0
Te-no_0157.jpg,notumor,notumor,1.0
Te-no_0158.jpg,notumor,notumor,1.0
Te-no_0159.jpg,notumor,notumor,1.0
Te-no_0160.jpg,notumor,notumor,1.0
Te-no_0161.jpg,notumor,notumor,0.9999975
Te-no_0162.jpg,notumor,notumor,1.0
Te-no_0163.jpg,notumor,notumor,1.0
Te-no_0164.jpg,notumor,notumor,1.0
Te-no_0165.jpg,notumor,notumor,1.0
Te-no_0166.jpg,notumor,notumor,1.0
Te-no_0167.jpg,notumor,notumor,1.0
Te-no_0168.jpg,notumor,notumor,0.9999995
Te-no_0169.jpg,notumor,notumor,1.0
Te-no_0170.jpg,notumor,notumor,1.0
Te-no_0171.jpg,notumor,notumor,0.99999344
Te-no_0172.jpg,notumor,notumor,1.0
Te-no_0173.jpg,notumor,notumor,0.99999845
Te-no_0174.jpg,notumor,notumor,0.999974
Te-no_0175.jpg,notumor,notumor,0.99999857
Te-no_0176.jpg,notumor,notumor,0.9999999
Te-no_0177.jpg,notumor,notumor,1.0
Te-no_0178.jpg,notumor,notumor,1.0
Te-no_0179.jpg,notumor,notumor,1.0
Te-no_0180.jpg,notumor,notumor,1.0
Te-no_0181.jpg,notumor,notumor,1.0
Te-no_0182.jpg,notumor,notumor,0.9999701
Te-no_0183.jpg,notumor,notumor,1.0
Te-no_0184.jpg,notumor,notumor,1.0
Te-no_0185.jpg,notumor,notumor,1.0
Te-no_0186.jpg,notumor,notumor,1.0
Te-no_0187.jpg,notumor,notumor,1.0
Te-no_0188.jpg,notumor,notumor,0.99997175
Te-no_0189.jpg,notumor,notumor,1.0
Te-no_0190.jpg,notumor,notumor,1.0
Te-no_0191.jpg,notumor,notumor,0.999998
Te-no_0192.jpg,notumor,notumor,1.0
Te-no_0193.jpg,notumor,notumor,0.99989796
Te-no_0194.jpg,notumor,notumor,1.0
Te-no_0195.jpg,notumor,notumor,1.0
Te-no_0196.jpg,notumor,notumor,0.9999999
Te-no_0197.jpg,notumor,notumor,1.0
Te-no_0198.jpg,notumor,notumor,0.99999976
Te-no_0199.jpg,notumor,notumor,0.99999964
Te-no_0200.jpg,notumor,notumor,1.0
Te-no_0201.jpg,notumor,notumor,1.0
Te-no_0202.jpg,notumor,notumor,1.0
Te-no_0203.jpg,notumor,notumor,0.99999964
Te-no_0204.jpg,notumor,notumor,0.9999268
Te-no_0205.jpg,notumor,notumor,1.0
Te-no_0206.jpg,notumor,notumor,0.99961746
Te-no_0207.jpg,notumor,notumor,1.0
Te-no_0208.jpg,notumor,notumor,1.0
Te-no_0209.jpg,notumor,notumor,0.99999976
Te-no_0210.jpg,notumor,notumor,1.0
Te-no_0211.jpg,notumor,notumor,0.99999976
Te-no_0212.jpg,notumor,notumor,1.0
Te-no_0213.jpg,notumor,notumor,0.99999976
Te-no_0214.jpg,notumor,notumor,1.0
Te-no_0215.jpg,notumor,notumor,1.0
Te-no_0216.jpg,notumor,notumor,0.9999968
Te-no_0217.jpg,notumor,notumor,1.0
Te-no_0218.jpg,notumor,notumor,1.0
Te-no_0219.jpg,notumor,notumor,1.0
Te-no_0220.jpg,notumor,notumor,1.0
Te-no_0221.jpg,notumor,notumor,1.0
Te-no_0222.jpg,notumor,notumor,1.0
Te-no_0223.jpg,notumor,notumor,0.999966
Te-no_0224.jpg,notumor,notumor,1.0
Te-no_0225.jpg,notumor,notumor,0.99999785
Te-no_0226.jpg,notumor,notumor,0.99999654
Te-no_0227.jpg,notumor,notumor,1.0
Te-no_0228.jpg,notumor,notumor,0.9999989
Te-no_0229.jpg,notumor,notumor,1.0
Te-no_0230.jpg,notumor,notumor,1.0
Te-no_0231.jpg,notumor,notumor,1.0
Te-no_0232.jpg,notumor,notumor,1.0
Te-no_0233.jpg,notumor,notumor,1.0
Te-no_0234.jpg,notumor,notumor,1.0
Te-no_0235.jpg,notumor,notumor,1.0
Te-no_0236.jpg,notumor,notumor,0.9999995
Te-no_0237.jpg,notumor,notumor,0.99988914
Te-no_0238.jpg,notumor,notumor,0.99907553
Te-no_0239.jpg,notumor,notumor,0.9999931
Te-no_0240.jpg,notumor,notumor,1.0
Te-no_0241.jpg,notumor,notumor,1.0
Te-no_0242.jpg,notumor,notumor,1.0
Te-no_0243.jpg,notumor,notumor,1.0
Te-no_0244.jpg,notumor,notumor,1.0
Te-no_0245.jpg,notumor,notumor,1.0
Te-no_0246.jpg,notumor,notumor,0.9999993
Te-no_0247.jpg,notumor,notumor,0.9999995
Te-no_0248.jpg,notumor,notumor,1.0
Te-no_0249.jpg,notumor,notumor,1.0
Te-no_0250.jpg,notumor,notumor,1.0
Te-no_0251.jpg,notumor,notumor,1.0
Te-no_0252.jpg,notumor,notumor,1.0
Te-no_0253.jpg,notumor,notumor,1.0
Te-no_0254.jpg,notumor,notumor,1.0
Te-no_0255.jpg,notumor,notumor,1.0
Te-no_0256.jpg,notumor,notumor,1.0
Te-no_0257.jpg,notumor,notumor,1.0
Te-no_0258.jpg,notumor,notumor,1.0
Te-no_0259.jpg,notumor,notumor,1.0
Te-no_0260.jpg,notumor,notumor,1.0
Te-no_0261.jpg,notumor,notumor,0.9999989
Te-no_0262.jpg,notumor,notumor,1.0
Te-no_0263.jpg,notumor,notumor,1.0
Te-no_0264.jpg,notumor,notumor,1.0
Te-no_0265.jpg,notumor,notumor,1.0
Te-no_0266.jpg,notumor,notumor,0.99997616
Te-no_0267.jpg,notumor,notumor,1.0
Te-no_0268.jpg,notumor,notumor,1.0
Te-no_0269.jpg,notumor,notumor,1.0
Te-no_0270.jpg,notumor,notumor,1.0
Te-no_0271.jpg,notumor,notumor,1.0
Te-no_0272.jpg,notumor,notumor,0.9999999
Te-no_0273.jpg,notumor,notumor,1.0
Te-no_0274.jpg,notumor,notumor,1.0
Te-no_0275.jpg,notumor,notumor,1.0
Te-no_0276.jpg,notumor,notumor,1.0
Te-no_0277.jpg,notumor,notumor,1.0
Te-no_0278.jpg,notumor,notumor,1.0
Te-no_0279.jpg,notumor,notumor,1.0
Te-no_0280.jpg,notumor,notumor,1.0
Te-no_0281.jpg,notumor,notumor,1.0
Te-no_0282.jpg,notumor,notumor,1.0
Te-no_0283.jpg,notumor,notumor,1.0
Te-no_0284.jpg,notumor,notumor,1.0
Te-no_0285.jpg,notumor,notumor,1.0
Te-no_0286.jpg,notumor,notumor,1.0
Te-no_0287.jpg,notumor,notumor,1.0
Te-no_0288.jpg,notumor,notumor,1.0
Te-no_0289.jpg,notumor,notumor,1.0
Te-no_0290.jpg,notumor,notumor,1.0
Te-no_0291.jpg,notumor,notumor,1.0
Te-no_0292.jpg,notumor,notumor,0.9999999
Te-no_0293.jpg,notumor,notumor,1.0
Te-no_0294.jpg,notumor,notumor,1.0
Te-no_0295.jpg,notumor,notumor,1.0
Te-no_0296.jpg,notumor,notumor,1.0
Te-no_0297.jpg,notumor,notumor,1.0
Te-no_0298.jpg,notumor,notumor,1.0
Te-no_0299.jpg,notumor,notumor,1.0
Te-no_0300.jpg,notumor,notumor,0.9999994
Te-no_0301.jpg,notumor,notumor,0.99999917
Te-no_0302.jpg,notumor,notumor,1.0
Te-no_0303.jpg,notumor,notumor,0.9999982
Te-no_0304.jpg,notumor,notumor,1.0
Te-no_0305.jpg,notumor,notumor,1.0
Te-no_0306.jpg,notumor,notumor,0.99999964
Te-no_0307.jpg,notumor,notumor,0.99999976
Te-no_0308.jpg,notumor,notumor,1.0
Te-no_0309.jpg,notumor,notumor,1.0
Te-no_0310.jpg,notumor,notumor,1.0
Te-no_0311.jpg,notumor,notumor,0.9997166
Te-no_0312.jpg,notumor,notumor,1.0
Te-no_0313.jpg,notumor,notumor,0.99977654
Te-no_0314.jpg,notumor,notumor,0.99999964
Te-no_0315.jpg,notumor,notumor,1.0
Te-no_0316.jpg,notumor,notumor,0.99999976
Te-no_0317.jpg,notumor,notumor,1.0
Te-no_0318.jpg,notumor,notumor,1.0
Te-no_0319.jpg,notumor,notumor,0.9999987
Te-no_0320.jpg,notumor,notumor,0.9999999
Te-no_0321.jpg,notumor,notumor,1.0
Te-no_0322.jpg,notumor,notumor,0.99999976
Te-no_0323.jpg,notumor,notumor,0.9999825
Te-no_0324.jpg,notumor,notumor,1.0
Te-no_0325.jpg,notumor,notumor,1.0
Te-no_0326.jpg,notumor,notumor,1.0
Te-no_0327.jpg,notumor,notumor,0.9999993
Te-no_0328.jpg,notumor,notumor,0.9999423
Te-no_0329.jpg,notumor,notumor,1.0
Te-no_0330.jpg,notumor,notumor,0.9999943
Te-no_0331.jpg,notumor,notumor,1.0
Te-no_0332.jpg,notumor,notumor,0.99999964
Te-no_0333.jpg,notumor,notumor,0.9999987
Te-no_0334.jpg,notumor,notumor,1.0
Te-no_0335.jpg,notumor,notumor,1.0
Te-no_0336.jpg,notumor,notumor,0.9999994
Te-no_0337.jpg,notumor,notumor,0.9999949
Te-no_0338.jpg,notumor,notumor,1.0
Te-no_0339.jpg,notumor,notumor,1.0
Te-no_0340.jpg,notumor,notumor,1.0
Te-no_0341.jpg,notumor,notumor,1.0
Te-no_0342.jpg,notumor,notumor,0.9999987
Te-no_0343.jpg,notumor,notumor,1.0
Te-no_0344.jpg,notumor,notumor,0.9999877
Te-no_0345.jpg,notumor,notumor,1.0
Te-no_0346.jpg,notumor,notumor,1.0
Te-no_0347.jpg,notumor,notumor,1.0
Te-no_0348.jpg,notumor,notumor,0.99999833
Te-no_0349.jpg,notumor,notumor,0.9996076
Te-no_0350.jpg,notumor,notumor,0.9999999
Te-no_0351.jpg,notumor,notumor,1.0
Te-no_0352.jpg,notumor,notumor,1.0
Te-no_0353.jpg,notumor,notumor,1.0
Te-no_0354.jpg,notumor,notumor,0.99995625
Te-no_0355.jpg,notumor,notumor,1.0
Te-no_0356.jpg,notumor,notumor,0.9995772
Te-no_0357.jpg,notumor,notumor,1.0
Te-no_0358.jpg,notumor,notumor,1.0
Te-no_0359.jpg,notumor,notumor,0.9999994
Te-no_0360.jpg,notumor,notumor,0.9999993
Te-no_0361.jpg,notumor,notumor,1.0
Te-no_0362.jpg,notumor,notumor,0.99999857
Te-no_0363.jpg,notumor,notumor,1.0
Te-no_0364.jpg,notumor,notumor,1.0
Te-no_0365.jpg,notumor,notumor,0.999731
Te-no_0366.jpg,notumor,notumor,1.0
Te-no_0367.jpg,notumor,notumor,1.0
Te-no_0368.jpg,notumor,notumor,1.0
Te-no_0369.jpg,notumor,notumor,1.0
Te-no_0370.jpg,notumor,notumor,1.0
Te-no_0371.jpg,notumor,notumor,1.0
Te-no_0372.jpg,notumor,notumor,1.0
Te-no_0373.jpg,notumor,notumor,1.0
Te-no_0374.jpg,notumor,notumor,1.0
Te-no_0375.jpg,notumor,notumor,1.0
Te-no_0376.jpg,notumor,notumor,1.0
Te-no_0377.jpg,notumor,notumor,1.0
Te-no_0378.jpg,notumor,notumor,1.0
Te-no_0379.jpg,notumor,notumor,1.0
Te-no_0380.jpg,notumor,notumor,0.9999999
Te-no_0381.jpg,notumor,notumor,1.0
Te-no_0382.jpg,notumor,notumor,0.9999981
Te-no_0383.jpg,notumor,notumor,0.9999987
Te-no_0384.jpg,notumor,notumor,1.0
Te-no_0385.jpg,notumor,notumor,1.0
Te-no_0386.jpg,notumor,notumor,1.0
Te-no_0387.jpg,notumor,notumor,1.0
Te-no_0388.jpg,notumor,notumor,1.0
Te-no_0389.jpg,notumor,notumor,1.0
Te-no_0390.jpg,notumor,notumor,1.0
Te-no_0391.jpg,notumor,notumor,0.9999949
Te-no_0392.jpg,notumor,notumor,1.0
Te-no_0393.jpg,notumor,notumor,1.0
Te-no_0394.jpg,notumor,notumor,1.0
Te-no_0395.jpg,notumor,notumor,0.99999964
Te-no_0396.jpg,notumor,notumor,1.0
Te-no_0397.jpg,notumor,notumor,1.0
Te-no_0398.jpg,notumor,notumor,0.9999993
Te-no_0399.jpg,notumor,notumor,0.99992466
Te-no_0400.jpg,notumor,notumor,1.0
Te-no_0401.jpg,notumor,notumor,0.997682
Te-no_0402.jpg,notumor,notumor,1.0
Te-no_0403.jpg,notumor,notumor,1.0
Te-no_0404.jpg,notumor,notumor,1.0
Te-piTr_0000.jpg,pituitary,pituitary,0.9997205
Te-piTr_0001.jpg,pituitary,pituitary,0.99996626
Te-piTr_0002.jpg,pituitary,meningioma,0.9991985
Te-piTr_0003.jpg,pituitary,pituitary,0.7397473
Te-piTr_0004.jpg,pituitary,pituitary,0.9982827
Te-piTr_0005.jpg,pituitary,pituitary,0.9999658
Te-piTr_0006.jpg,pituitary,meningioma,0.9287649
Te-piTr_0007.jpg,pituitary,notumor,0.9926986
Te-piTr_0008.jpg,pituitary,pituitary,0.96612763
Te-piTr_0009.jpg,pituitary,pituitary,0.9999521
Te-pi_0010.jpg,pituitary,pituitary,0.97416097
Te-pi_0011.jpg,pituitary,pituitary,0.9999951
Te-pi_0012.jpg,pituitary,meningioma,0.44262332
Te-pi_0013.jpg,pituitary,meningioma,0.4159494
Te-pi_0014.jpg,pituitary,pituitary,0.9999758
Te-pi_0015.jpg,pituitary,pituitary,0.99897146
Te-pi_0016.jpg,pituitary,pituitary,0.9998209
Te-pi_0017.jpg,pituitary,pituitary,0.9999175
Te-pi_0018.jpg,pituitary,pituitary,0.99995637
Te-pi_0019.jpg,pituitary,meningioma,0.85516405
Te-pi_0020.jpg,pituitary,pituitary,0.9999999
Te-pi_0021.jpg,pituitary,pituitary,0.99999
Te-pi_0022.jpg,pituitary,pituitary,0.9911951
Te-pi_0023.jpg,pituitary,pituitary,0.9999901
Te-pi_0024.jpg,pituitary,pituitary,0.99999774
Te-pi_0025.jpg,pituitary,pituitary,0.9999949
Te-pi_0026.jpg,pituitary,pituitary,0.9960006
Te-pi_0027.jpg,pituitary,pituitary,0.9994831
Te-pi_0028.jpg,pituitary,pituitary,0.9996327
Te-pi_0029.jpg,pituitary,meningioma,0.99493575
Te-pi_0030.jpg,pituitary,pituitary,0.9932116
Te-pi_0031.jpg,pituitary,pituitary,0.9990018
Te-pi_0032.jpg,pituitary,pituitary,0.99352396
Te-pi_0033.jpg,pituitary,pituitary,0.9999409
Te-pi_0034.jpg,pituitary,pituitary,0.99958116
Te-pi_0035.jpg,pituitary,pituitary,0.99994814
Te-pi_0036.jpg,pituitary,pituitary,0.999966
Te-pi_0037.jpg,pituitary,pituitary,0.9993709
Te-pi_0038.jpg,pituitary,pituitary,0.99999154
Te-pi_0039.jpg,pituitary,pituitary,0.9971095
Te-pi_0040.jpg,pituitary,pituitary,0.9990268
Te-pi_0041.jpg,pituitary,pituitary,0.998228
Te-pi_0042.jpg,pituitary,pituitary,0.99940884
Te-pi_0043.jpg,pituitary,pituitary,0.97046745
Te-pi_0044.jpg,pituitary,pituitary,0.99993336
Te-pi_0045.jpg,pituitary,pituitary,0.9996438
Te-pi_0046.jpg,pituitary,pituitary,0.9919642
Te-pi_0047.jpg,pituitary,pituitary,0.9998841
Te-pi_0048.jpg,pituitary,pituitary,0.9999845
Te-pi_0049.jpg,pituitary,pituitary,0.9779273
Te-pi_0050.jpg,pituitary,pituitary,1.0
Te-pi_0051.jpg,pituitary,pituitary,0.9999975
Te-pi_0052.jpg,pituitary,pituitary,0.99919623
Te-pi_0053.jpg,pituitary,pituitary,0.99999523
Te-pi_0054.jpg,pituitary,pituitary,0.99954116
Te-pi_0055.jpg,pituitary,pituitary,0.8798256
Te-pi_0056.jpg,pituitary,pituitary,0.9997925
Te-pi_0057.jpg,pituitary,pituitary,0.99999857
Te-pi_0058.jpg,pituitary,pituitary,0.99682355
Te-pi_0059.jpg,pituitary,pituitary,0.99999774
Te-pi_0060.jpg,pituitary,pituitary,0.9999672
Te-pi_0061.jpg,pituitary,pituitary,0.9999914
Te-pi_0062.jpg,pituitary,pituitary,0.9999943
Te-pi_0063.jpg,pituitary,pituitary,0.99998605
Te-pi_0064.jpg,pituitary,pituitary,0.99995565
Te-pi_0065.jpg,pituitary,pituitary,0.99995387
Te-pi_0066.jpg,pituitary,pituitary,0.99999475
Te-pi_0067.jpg,pituitary,pituitary,0.9992416
Te-pi_0068.jpg,pituitary,pituitary,0.9997508
Te-pi_0069.jpg,pituitary,pituitary,0.99990046
Te-pi_0070.jpg,pituitary,pituitary,0.99999917
Te-pi_0071.jpg,pituitary,pituitary,0.9999995
Te-pi_0072.jpg,pituitary,pituitary,0.99999845
Te-pi_0073.jpg,pituitary,pituitary,0.99999464
Te-pi_0074.jpg,pituitary,pituitary,0.9997743
Te-pi_0075.jpg,pituitary,pituitary,0.99995244
Te-pi_0076.jpg,pituitary,pituitary,0.9999988
Te-pi_0077.jpg,pituitary,pituitary,0.99955565
Te-pi_0078.jpg,pituitary,pituitary,0.99829024
Te-pi_0079.jpg,pituitary,pituitary,0.9975199
Te-pi_0080.jpg,pituitary,pituitary,0.9999783
Te-pi_0081.jpg,pituitary,pituitary,0.9999999
Te-pi_0082.jpg,pituitary,pituitary,0.99999666
Te-pi_0083.jpg,pituitary,pituitary,0.99975735
Te-pi_0084.jpg,pituitary,pituitary,0.99997234
Te-pi_0085.jpg,pituitary,pituitary,0.99999976
Te-pi_0086.jpg,pituitary,pituitary,0.99999285
Te-pi_0087.jpg,pituitary,pituitary,0.9999938
Te-pi_0088.jpg,pituitary,pituitary,0.99998605
Te-pi_0089.jpg,pituitary,pituitary,0.999995
Te-pi_0090.jpg,pituitary,pituitary,0.9999999
Te-pi_0091.jpg,pituitary,pituitary,0.9999988
Te-pi_0092.jpg,pituitary,pituitary,0.99999726
Te-pi_0093.jpg,pituitary,pituitary,0.999938
Te-pi_0094.jpg,pituitary,pituitary,0.99970907
Te-pi_0095.jpg,pituitary,pituitary,0.9999989
Te-pi_0096.jpg,pituitary,pituitary,0.99999714
Te-pi_0097.jpg,pituitary,pituitary,0.99999857
Te-pi_0098.jpg,pituitary,pituitary,0.9999999
Te-pi_0099.jpg,pituitary,pituitary,0.9998838
Te-pi_0100.jpg,pituitary,pituitary,0.99999
Te-pi_0101.jpg,pituitary,pituitary,0.999995
Te-pi_0102.jpg,pituitary,pituitary,0.99999774
Te-pi_0103.jpg,pituitary,pituitary,1.0
Te-pi_0104.jpg,pituitary,pituitary,0.99998724
Te-pi_0105.jpg,pituitary,pituitary,0.99999964
Te-pi_0106.jpg,pituitary,pituitary,0.9994948
Te-pi_0107.jpg,pituitary,pituitary,0.9994752
Te-pi_0108.jpg,pituitary,pituitary,0.99979144
Te-pi_0109.jpg,pituitary,pituitary,0.9999913
Te-pi_0110.jpg,pituitary,pituitary,0.9999981
Te-pi_0111.jpg,pituitary,pituitary,0.99991095
Te-pi_0112.jpg,pituitary,pituitary,0.99999535
Te-pi_0113.jpg,pituitary,pituitary,0.99741447
Te-pi_0114.jpg,pituitary,pituitary,0.99999106
Te-pi_0115.jpg,pituitary,pituitary,1.0
Te-pi_0116.jpg,pituitary,pituitary,0.99999976
Te-pi_0117.jpg,pituitary,pituitary,0.9999958
Te-pi_0118.jpg,pituitary,pituitary,0.9963798
Te-pi_0119.jpg,pituitary,pituitary,0.9997627
Te-pi_0120.jpg,pituitary,pituitary,0.9999734
Te-pi_0121.jpg,pituitary,pituitary,0.99994206
Te-pi_0122.jpg,pituitary,pituitary,0.9999653
Te-pi_0123.jpg,pituitary,pituitary,0.9999938
Te-pi_0124.jpg,pituitary,pituitary,0.9999887
Te-pi_0125.jpg,pituitary,pituitary,0.9994103
Te-pi_0126.jpg,pituitary,pituitary,0.99999297
Te-pi_0127.jpg,pituitary,pituitary,0.999995
Te-pi_0128.jpg,pituitary,pituitary,0.9999989
Te-pi_0129.jpg,pituitary,pituitary,0.9999833
Te-pi_0130.jpg,pituitary,pituitary,0.99999905
Te-pi_0131.jpg,pituitary,pituitary,0.9999993
Te-pi_0132.jpg,pituitary,pituitary,0.99999416
Te-pi_0133.jpg,pituitary,pituitary,0.99893016
Te-pi_0134.jpg,pituitary,pituitary,0.9999869
Te-pi_0135.jpg,pituitary,pituitary,1.0
Te-pi_0136.jpg,pituitary,pituitary,0.99999917
Te-pi_0137.jpg,pituitary,pituitary,0.9999989
Te-pi_0138.jpg,pituitary,pituitary,0.9999999
Te-pi_0139.jpg,pituitary,pituitary,0.99999166
Te-pi_0140.jpg,pituitary,pituitary,0.99937856
Te-pi_0141.jpg,pituitary,pituitary,1.0
Te-pi_0142.jpg,pituitary,pituitary,0.9996693
Te-pi_0143.jpg,pituitary,pituitary,0.99747616
Te-pi_0144.jpg,pituitary,pituitary,0.99951386
Te-pi_0145.jpg,pituitary,pituitary,0.99999976
Te-pi_0146.jpg,pituitary,pituitary,0.9999831
Te-pi_0147.jpg,pituitary,pituitary,0.9995529
Te-pi_0148.jpg,pituitary,pituitary,0.9999392
Te-pi_0149.jpg,pituitary,pituitary,0.9997173
Te-pi_0150.jpg,pituitary,pituitary,0.9999995
Te-pi_0151.jpg,pituitary,pituitary,0.9997787
Te-pi_0152.jpg,pituitary,pituitary,0.9999989
Te-pi_0153.jpg,pituitary,pituitary,0.99998546
Te-pi_0154.jpg,pituitary,pituitary,0.99999404
Te-pi_0155.jpg,pituitary,pituitary,0.99992895
Te-pi_0156.jpg,pituitary,pituitary,0.99933296
Te-pi_0157.jpg,pituitary,pituitary,0.9999944
Te-pi_0158.jpg,pituitary,pituitary,0.99995244
Te-pi_0159.jpg,pituitary,pituitary,1.0
Te-pi_0160.jpg,pituitary,pituitary,1.0
Te-pi_0161.jpg,pituitary,pituitary,0.99999
Te-pi_0162.jpg,pituitary,pituitary,0.99998784
Te-pi_0163.jpg,pituitary,pituitary,0.9999951
Te-pi_0164.jpg,pituitary,pituitary,0.99974877
Te-pi_0165.jpg,pituitary,pituitary,0.9999999
Te-pi_0166.jpg,pituitary,pituitary,0.9999107
Te-pi_0167.jpg,pituitary,pituitary,0.9998747
Te-pi_0168.jpg,pituitary,pituitary,0.9999999
Te-pi_0169.jpg,pituitary,pituitary,0.99988806
Te-pi_0170.jpg,pituitary,pituitary,0.99991286
Te-pi_0171.jpg,pituitary,pituitary,0.9980259
Te-pi_0172.jpg,pituitary,pituitary,0.9999206
Te-pi_0173.jpg,pituitary,pituitary,0.99999416
Te-pi_0174.jpg,pituitary,pituitary,0.99999654
Te-pi_0175.jpg,pituitary,pituitary,0.9994215
Te-pi_0176.jpg,pituitary,pituitary,0.9999987
Te-pi_0177.jpg,pituitary,pituitary,0.99999297
Te-pi_0178.jpg,pituitary,pituitary,0.9999839
Te-pi_0179.jpg,pituitary,pituitary,0.99991524
Te-pi_0180.jpg,pituitary,pituitary,0.99999857
Te-pi_0181.jpg,pituitary,pituitary,0.9997652
Te-pi_0182.jpg,pituitary,pituitary,0.9995474
Te-pi_0183.jpg,pituitary,pituitary,0.9999964
Te-pi_0184.jpg,pituitary,pituitary,0.9991904
Te-pi_0185.jpg,pituitary,pituitary,0.9994892
Te-pi_0186.jpg,pituitary,pituitary,0.9967989
Te-pi_0187.jpg,pituitary,pituitary,0.9999864
Te-pi_0188.jpg,pituitary,pituitary,0.9977112
Te-pi_0189.jpg,pituitary,pituitary,0.999951
Te-pi_0190.jpg,pituitary,pituitary,0.99997556
Te-pi_0191.jpg,pituitary,pituitary,0.9998814
Te-pi_0192.jpg,pituitary,pituitary,0.99982965
Te-pi_0193.jpg,pituitary,pituitary,0.99969697
Te-pi_0194.jpg,pituitary,pituitary,0.99998796
Te-pi_0195.jpg,pituitary,pituitary,0.99993813
Te-pi_0196.jpg,pituitary,pituitary,0.9993092
Te-pi_0197.jpg,pituitary,pituitary,0.9999734
Te-pi_0198.jpg,pituitary,pituitary,0.9986305
Te-pi_0199.jpg,pituitary,pituitary,1.0
Te-pi_0200.jpg,pituitary,pituitary,0.99999166
Te-pi_0201.jpg,pituitary,pituitary,0.9998548
Te-pi_0202.jpg,pituitary,pituitary,0.99999416
Te-pi_0203.jpg,pituitary,pituitary,1.0
Te-pi_0204.jpg,pituitary,pituitary,1.0
Te-pi_0205.jpg,pituitary,pituitary,0.9999975
Te-pi_0206.jpg,pituitary,pituitary,0.9999999
Te-pi_0207.jpg,pituitary,pituitary,0.9998915
Te-pi_0208.jpg,pituitary,pituitary,0.9999995
Te-pi_0209.jpg,pituitary,pituitary,0.9999782
Te-pi_0210.jpg,pituitary,pituitary,0.9991441
Te-pi_0211.jpg,pituitary,pituitary,0.9998603
Te-pi_0212.jpg,pituitary,pituitary,0.9999409
Te-pi_0213.jpg,pituitary,pituitary,1.0
Te-pi_0214.jpg,pituitary,pituitary,0.99999917
Te-pi_0215.jpg,pituitary,pituitary,0.99987805
Te-pi_0216.jpg,pituitary,pituitary,0.9999566
Te-pi_0217.jpg,pituitary,pituitary,0.99995756
Te-pi_0218.jpg,pituitary,pituitary,0.9988943
Te-pi_0219.jpg,pituitary,pituitary,0.9998555
Te-pi_0220.jpg,pituitary,pituitary,1.0
Te-pi_0221.jpg,pituitary,pituitary,1.0
Te-pi_0222.jpg,pituitary,pituitary,0.99999166
Te-pi_0223.jpg,pituitary,pituitary,0.9998646
Te-pi_0224.jpg,pituitary,pituitary,0.999974
Te-pi_0225.jpg,pituitary,pituitary,0.99999917
Te-pi_0226.jpg,pituitary,pituitary,0.99998605
Te-pi_0227.jpg,pituitary,pituitary,0.9994493
Te-pi_0228.jpg,pituitary,pituitary,0.9999635
Te-pi_0229.jpg,pituitary,pituitary,0.9995585
Te-pi_0230.jpg,pituitary,pituitary,0.9998919
Te-pi_0231.jpg,pituitary,pituitary,0.99999356
Te-pi_0232.jpg,pituitary,pituitary,0.9999995
Te-pi_0233.jpg,pituitary,pituitary,0.99986327
Te-pi_0234.jpg,pituitary,pituitary,0.9998745
Te-pi_0235.jpg,pituitary,pituitary,0.999705
Te-pi_0236.jpg,pituitary,pituitary,0.9999466
Te-pi_0237.jpg,pituitary,pituitary,0.99990845
Te-pi_0238.jpg,pituitary,pituitary,1.0
Te-pi_0239.jpg,pituitary,pituitary,0.99991786
Te-pi_0240.jpg,pituitary,pituitary,0.9998764
Te-pi_0241.jpg,pituitary,pituitary,0.9996407
Te-pi_0242.jpg,pituitary,pituitary,0.9999951
Te-pi_0243.jpg,pituitary,pituitary,0.9998404
Te-pi_0244.jpg,pituitary,pituitary,0.99999976
Te-pi_0245.jpg,pituitary,pituitary,1.0
Te-pi_0246.jpg,pituitary,pituitary,0.99678445
Te-pi_0247.jpg,pituitary,pituitary,1.0
Te-pi_0248.jpg,pituitary,pituitary,0.99998367
Te-pi_0249.jpg,pituitary,pituitary,0.99955064
Te-pi_0250.jpg,pituitary,pituitary,0.9999964
Te-pi_0251.jpg,pituitary,pituitary,1.0
Te-pi_0252.jpg,pituitary,pituitary,1.0
Te-pi_0253.jpg,pituitary,pituitary,1.0
Te-pi_0254.jpg,pituitary,pituitary,0.99999905
Te-pi_0255.jpg,pituitary,pituitary,0.99988425
Te-pi_0256.jpg,pituitary,pituitary,0.99999917
Te-pi_0257.jpg,pituitary,pituitary,0.999995
Te-pi_0258.jpg,pituitary,pituitary,0.9999882
Te-pi_0259.jpg,pituitary,pituitary,0.9999883
Te-pi_0260.jpg,pituitary,pituitary,1.0
Te-pi_0261.jpg,pituitary,pituitary,0.99994004
Te-pi_0262.jpg,pituitary,pituitary,1.0
Te-pi_0263.jpg,pituitary,pituitary,1.0
Te-pi_0264.jpg,pituitary,pituitary,0.9999932
Te-pi_0265.jpg,pituitary,pituitary,0.99958223
Te-pi_0266.jpg,pituitary,pituitary,0.9999926
Te-pi_0267.jpg,pituitary,pituitary,0.999918
Te-pi_0268.jpg,pituitary,pituitary,0.9999969
Te-pi_0269.jpg,pituitary,pituitary,0.9999918
Te-pi_0270.jpg,pituitary,pituitary,1.0
Te-pi_0271.jpg,pituitary,pituitary,0.99998474
Te-pi_0272.jpg,pituitary,pituitary,0.999998
Te-pi_0273.jpg,pituitary,pituitary,0.99960107
Te-pi_0274.jpg,pituitary,pituitary,0.99999976
Te-pi_0275.jpg,pituitary,pituitary,0.99999535
Te-pi_0276.jpg,pituitary,pituitary,0.9993517
Te-pi_0277.jpg,pituitary,pituitary,0.9998915
Te-pi_0278.jpg,pituitary,pituitary,0.9999434
Te-pi_0279.jpg,pituitary,pituitary,0.99991584
Te-pi_0280.jpg,pituitary,pituitary,0.9999652
Te-pi_0281.jpg,pituitary,pituitary,0.9999616
Te-pi_0282.jpg,pituitary,pituitary,0.9999422
Te-pi_0283.jpg,pituitary,pituitary,0.9996598
Te-pi_0284.jpg,pituitary,pituitary,0.9999646
Te-pi_0285.jpg,pituitary,pituitary,0.99963915
Te-pi_0286.jpg,pituitary,pituitary,0.9996524
Te-pi_0287.jpg,pituitary,pituitary,0.99999964
Te-pi_0288.jpg,pituitary,pituitary,0.9985979
Te-pi_0289.jpg,pituitary,pituitary,0.9994917
Te-pi_0290.jpg,pituitary,pituitary,0.9972888
Te-pi_0291.jpg,pituitary,pituitary,0.99833184
Te-pi_0292.jpg,pituitary,pituitary,0.9992842
Te-pi_0293.jpg,pituitary,pituitary,0.9998971
Te-pi_0294.jpg,pituitary,pituitary,0.9989378
Te-pi_0295.jpg,pituitary,pituitary,0.9997249
Te-pi_0296.jpg,pituitary,pituitary,0.99991584
Te-pi_0297.jpg,pituitary,pituitary,0.9999937
Te-pi_0298.jpg,pituitary,pituitary,0.9999825
Te-pi_0299.jpg,pituitary,pituitary,0.99999464
